{"count":5,"extent":{"xmin":-12732236.890759865,"ymin":5838272.3880702024,"xmax":-8840946.8706571814,"ymax":6638695.5228703292,"spatialReference":{"wkid":102100,"latestWkid":3857}}}
