{"count":5,"extent":{"xmin":-12732198.819494013,"ymin":5838397.2383999163,"xmax":-8841032.9206235651,"ymax":6638665.2107580965,"spatialReference":{"wkid":102100,"latestWkid":3857}}}
