{"count":5,"extent":{"xmin":-8135535.6289670207,"ymin":-10853561.570264418,"xmax":-7583605.0220131809,"ymax":-4765071.7470122483,"spatialReference":{"wkid":102100,"latestWkid":3857}}}