{"count":5,"extent":{"xmin":-8136242.5077335592,"ymin":-11141441.202364283,"xmax":-7583605.0220131809,"ymax":-4637327.2259477042,"spatialReference":{"wkid":102100,"latestWkid":3857}}}
