{"count":5,"extent":{"xmin":-8135994.26526909,"ymin":-10783574.966971461,"xmax":-7583605.0220131809,"ymax":-4830456.3001743136,"spatialReference":{"wkid":102100,"latestWkid":3857}}}