{"count":5,"extent":{"xmin":-8135850.885764949,"ymin":-11020426.627472173,"xmax":-7583605.0220131809,"ymax":-4700636.9041814869,"spatialReference":{"wkid":102100,"latestWkid":3857}}}
